INSERT INTO usuario (email, nome, cpf) VALUES
('joao.s@example.com', 'João', '12345678900'),
('maria.o@example.com', 'Maria', '98765432100'),
('pedro.s@example.com', 'Pedro', '45678912300'),
('ana.c@example.com', 'Ana', '32165498700'),
('carlos.p@example.com', 'Carlos', '78912345600'),
('juliana.f@example.com', 'Juliana', '65498732100'),
('lucas.a@example.com', 'Lucas', '23456789000'),
('luiza.s@example.com', 'Luiza', '87654321000'),
('marcelo.l@example.com', 'Marcelo', '34567890100'),
('camila.r@example.com', 'Camila', '67890123400');

INSERT INTO Conta (username, senha, email) VALUES
('joao.s', 'senha123', 'joao.s@example.com'),
('maria.o', 'senha456', 'maria.o@example.com'),
('pedro.s', 'senha789', 'pedro.s@example.com'),
('ana.c', 'senhaabc', 'ana.c@example.com'),
('carlos.p', 'senha1234', 'carlos.p@example.com'),
('juliana.f', 'senha7890', 'juliana.f@example.com'),
('lucas.a', 'senhaabc1', 'lucas.a@example.com'),
('luiza.s', 'senha12345', 'luiza.s@example.com'),
('marcelo.l', 'senha4567', 'marcelo.l@example.com'),
('camila.r', 'senha78901', 'camila.r@example.com');

INSERT INTO Obras (nome, genero) VALUES
('Dom Quixote', 'Romance'),
('1984', 'Ficção Científica'),
('Orgulho e Preconceito', 'Romance'),
('O Senhor dos Anéis', 'Fantasia'),
('Crime e Castigo', 'Romance Psicológico'),
('Harry Potter e a Pedra Filosofal', 'Fantasia'),
('Cem Anos de Solidão', 'Realismo Mágico'),
('A Revolução dos Bichos', 'Sátira Política'),
('A Metamorfose', 'Ficção Absurda'),
('A Guerra dos Tronos', 'Fantasia Épica');